{"0":0.22204,"1":0.25,"2":0.25,"3":0.23796,"4":0.01,"5":0.01,"6":0.01,"7":0.01}