{"0":0.01,"1":0.25,"2":0.22645,"3":0.25,"4":0.22355,"5":0.01,"6":0.01,"7":0.01,"8":0.01}