{"0":0.07733,"1":0.25,"2":0.25,"3":0.25,"4":0.01,"5":0.01,"6":0.14267,"7":0.01}